Unnamed: 0,id,name,popularity,duration_ms,explicit,artists,id_artists,release_date,danceability,energy,key,loudness,mode,speechiness,acousticness,instrumentalness,liveness,valence,tempo,time_signature,images,urls
1020,4H2i87LJWy8VepRUeq41KZ,Xamêgo,34,179827,0,['Luiz Gonzaga'],['2ZofT7n9AlTKf7KDCoHGgD'],1958-09-16,0.745,0.812,2,-9.005,1,0.0384,0.64,1.43e-05,0.257,0.964,103.684,4,https://i.scdn.co/image/ab67616d0000b27359849971a1d6c1813ce3a62a,https://open.spotify.com/track/4H2i87LJWy8VepRUeq41KZ
11424,2Yn7a6j6jWq9xzQFP2myDS,X Offender - Remastered,42,194533,0,['Blondie'],['4tpUmLEVLCGFr93o8hFFIB'],1976-12-01,0.368,0.802,4,-6.173,1,0.0518,0.0262,0.000653,0.242,0.797,153.113,4,https://i.scdn.co/image/ab67616d0000b273d377fa9b12ba09ee525b60a8,https://open.spotify.com/track/2Yn7a6j6jWq9xzQFP2myDS
11994,5q7KiSN7znIONR76LAqm7k,Xanadu,47,664853,0,['Rush'],['2Hkut4rAAyrQxRdof7FVJq'],1977-09-01,0.316,0.529,5,-9.067,0,0.0516,0.127,0.00229,0.0923,0.0456,140.785,4,https://i.scdn.co/image/ab67616d0000b273c3d872d5405c76e3956cbbb6,https://open.spotify.com/track/5q7KiSN7znIONR76LAqm7k
22989,7o2AeQZzfCERsRmOM86EcB,Xtal,57,293752,0,['Aphex Twin'],['6kBDZFXuLrZgHnvmPu9NsG'],1992-02-10,0.51,0.505,9,-13.053,0,0.0344,0.342,0.96,0.117,0.318,114.532,4,https://i.scdn.co/image/ab67616d0000b27338906032688bb13b135ce19a,https://open.spotify.com/track/7o2AeQZzfCERsRmOM86EcB
25479,08c3wmdjKSjxTJY9cHSts7,XXX's And OOO's (An American Girl),56,167907,0,['Trisha Yearwood'],['3XlIhgydjvC4EniPFZT20j'],1995-01-01,0.711,0.642,0,-8.909,1,0.0319,0.176,0.0,0.0814,0.762,125.831,4,https://i.scdn.co/image/ab67616d0000b2739081ad23e96be83508a17571,https://open.spotify.com/track/08c3wmdjKSjxTJY9cHSts7
27746,2E2WGx9lYdta9BRy2axWXR,X-Is Coming,59,258533,1,['DMX'],['1HwM5zlC5qNWhJtM00yXzG'],1998-05-01,0.776,0.53,9,-7.741,0,0.338,0.0338,0.0,0.207,0.576,86.755,4,https://i.scdn.co/image/ab67616d0000b27311658b970e0518be491871df,https://open.spotify.com/track/2E2WGx9lYdta9BRy2axWXR
28376,0Ed7MeXx64f6OcIuoTRCg1,Xxplosive,71,215200,1,"['Dr. Dre', 'Hittman', 'Six-Two', 'Nate Dogg', 'Kurupt']","['6DPYiyq5kWVQS4RGwxzPC7', '3np2OYRZAgI4e6lxeGmGr8', '4xko5t5site4jVwopoCF21', '1Oa0bMld0A3u5OTYfMzp5h', '6NyJIFHAePjHR1pFxwisqz']",1999-11-16,0.765,0.88,1,-4.361,1,0.116,0.176,1e-05,0.139,0.929,168.96,4,https://i.scdn.co/image/ab67616d0000b2739b19c107109de740bad72df5,https://open.spotify.com/track/0Ed7MeXx64f6OcIuoTRCg1
29276,5stZnlPMYz3Ba8Hbo3ajlP,X,63,255640,1,['Xzibit'],['4tujQJicOnuZRLiBFdp3Ou'],2000-04-02,0.936,0.678,4,-3.012,0,0.21,0.0795,0.0,0.0838,0.822,96.911,4,https://i.scdn.co/image/ab67616d0000b273ca223db78b2ffe5c462cf848,https://open.spotify.com/track/5stZnlPMYz3Ba8Hbo3ajlP
29286,3uCg5JVHl2E6i8gFJxUjsp,Xote Dos Milagres,62,266440,0,['Falamansa'],['6uTK3YD9CT3pLx2yEfVmXk'],2000,0.645,0.471,11,-9.192,0,0.0401,0.271,0.0,0.152,0.767,79.125,4,https://i.scdn.co/image/ab67616d0000b273c523bdcbc4495cf144ccac36,https://open.spotify.com/track/3uCg5JVHl2E6i8gFJxUjsp
29827,3QQhhSRe31x9qs1NqlOuOS,Xote da Alegria,59,253733,0,['Falamansa'],['6uTK3YD9CT3pLx2yEfVmXk'],2001,0.7,0.491,11,-10.566,1,0.0476,0.554,0.0,0.144,0.779,79.968,4,https://i.scdn.co/image/ab67616d0000b273b9ec563ef5e85bd6dfdcde9a,https://open.spotify.com/track/3QQhhSRe31x9qs1NqlOuOS
31886,1zzxoZVylsna2BQB65Ppcb,X Gon' Give It To Ya,83,217587,1,['DMX'],['1HwM5zlC5qNWhJtM00yXzG'],2007-06-12,0.761,0.899,10,-3.09,0,0.183,0.0135,0.0,0.0719,0.673,95.027,4,https://i.scdn.co/image/ab67616d0000b27301a6faf91e207748e8e32e0a,https://open.spotify.com/track/1zzxoZVylsna2BQB65Ppcb
34530,7cpCU3Denug5NGZsSpQl8v,XO,73,213627,0,['John Mayer'],['0hEurMDQu99nJRq8pTxO14'],2014-05-27,0.431,0.377,2,-9.753,1,0.0288,0.749,0.0,0.211,0.353,173.67,4,https://i.scdn.co/image/ab67616d0000b273924db37163c8c94430c689fc,https://open.spotify.com/track/7cpCU3Denug5NGZsSpQl8v
35372,0ZAiqymvbQUZAh9y6ZT3Rm,XO,74,159512,0,['EDEN'],['1t20wYnTiAT0Bs7H1hv9Wt'],2016-08-19,0.611,0.39,2,-5.861,0,0.116,0.625,0.0,0.118,0.617,163.897,4,https://i.scdn.co/image/ab67616d0000b273c61b46cf682d7f0183fcb87c,https://open.spotify.com/track/0ZAiqymvbQUZAh9y6ZT3Rm
35397,6fwdbPMwP1zVStm8FybmkO,X (feat. Future),73,258880,1,"['21 Savage', 'Metro Boomin', 'Future']","['1URnnhqYAYcrqrcwql10ft', '0iEtIxbK0KxaSlF7G42ZOp', '1RyvyyTE3xzB2ZywiAwp0i']",2016-07-15,0.835,0.413,1,-9.81,1,0.396,0.373,0.00133,0.101,0.111,149.004,4,https://i.scdn.co/image/ab67616d0000b2732dd1ac4a61495080ef8f78ca,https://open.spotify.com/track/6fwdbPMwP1zVStm8FybmkO
35666,7GX5flRQZVHRAGd6B4TmDO,XO Tour Llif3,84,182707,1,['Lil Uzi Vert'],['4O15NlyKLIASxsJ0PrXPfz'],2017-08-25,0.732,0.75,11,-6.366,0,0.231,0.00264,0.0,0.109,0.401,155.096,4,https://i.scdn.co/image/ab67616d0000b27341b41e6f7924e530a9b00f9c,https://open.spotify.com/track/7GX5flRQZVHRAGd6B4TmDO
36764,4QIo4oxwzzafcBWkKjDpXY,xanny,77,243725,0,['Billie Eilish'],['6qqNVTkY8uBg9cP3Jd7DAH'],2019-03-29,0.521,0.125,9,-17.832,1,0.239,0.751,0.00207,0.265,0.0528,111.554,4,https://i.scdn.co/image/ab67616d0000b27350a3147b4edd7701a876c6ce,https://open.spotify.com/track/4QIo4oxwzzafcBWkKjDpXY
37328,1O74aTse7W5hd2rAvnEVaW,Xerecard,80,236112,1,"['Jeff Costa', 'Mc Danny']","['7FMscVRC6dsjpDpgt1r4Hn', '3PZTvUS5fUUhV3EKAjqdZk']",2020-10-18,0.94,0.739,4,-6.297,1,0.0441,0.426,0.000951,0.286,0.962,125.964,4,https://i.scdn.co/image/ab67616d0000b27390cdf508fcfce32b67911d72,https://open.spotify.com/track/1O74aTse7W5hd2rAvnEVaW
40389,19lX102fNMgBgsOr9CkrQj,Xeribi - Remastered,39,290017,0,['Ciwan Haco'],['4o7TBxtRmKEAbKYFrjv3NG'],1988-12-05,0.325,0.53,2,-7.683,0,0.0439,0.767,0.000216,0.0685,0.535,177.868,4,https://i.scdn.co/image/ab67616d0000b273185c9e65cd9927dcce424ee1,https://open.spotify.com/track/19lX102fNMgBgsOr9CkrQj
41566,2OmYZVnn751zw6iESV6jLw,Xandinha,36,343133,0,['Cesária Evora'],['0Nks3cFWU2a7rooAlFQYgn'],1995-02-07,0.599,0.171,4,-15.116,0,0.0426,0.906,8.26e-06,0.118,0.435,127.433,4,https://i.scdn.co/image/ab67616d0000b273b67794f11bfc80af47735d61,https://open.spotify.com/track/2OmYZVnn751zw6iESV6jLw
46291,4E5ombPeNdVQFgGFDb0Bhs,X-Ray Eyes,36,226333,0,['KISS'],['07XSN3sPlIlB2L2XNcTwJw'],1979-03-23,0.557,0.833,4,-6.479,1,0.0311,0.255,2.5e-06,0.11,0.691,130.098,4,https://i.scdn.co/image/ab67616d0000b2734384b6976cadaec272114022,https://open.spotify.com/track/4E5ombPeNdVQFgGFDb0Bhs
49265,4HIKcEKSijQLW5YNLsdLzt,X,56,118160,0,['System Of A Down'],['5eAWCfyUhZtHHtBdNk56l1'],2001-09-04,0.492,0.948,0,-3.549,1,0.0525,0.00118,0.00641,0.295,0.523,90.569,4,https://i.scdn.co/image/ab67616d0000b27330d45198d0c9e8841f9a9578,https://open.spotify.com/track/4HIKcEKSijQLW5YNLsdLzt
49507,2rxp56vVQp1zzumJ0eHLmw,X&Y,56,274176,0,['Coldplay'],['4gzpq5DPGxSnKTe4SA8HAU'],2005-06-07,0.225,0.561,6,-6.813,0,0.0352,0.563,0.00987,0.366,0.0818,153.24,4,https://i.scdn.co/image/ab67616d0000b2734e0362c225863f6ae2432651,https://open.spotify.com/track/2rxp56vVQp1zzumJ0eHLmw
53040,58q5Jz1My29hgf6lh2N2Sj,Xplosion,31,262014,0,['Vico C'],['0ciTdf9bGl9L3JM1Z0nLCT'],1990-01-01,0.576,0.773,7,-6.864,1,0.191,0.156,0.0,0.675,0.566,98.148,4,https://i.scdn.co/image/ab67616d0000b27304e42e6324abe5f53c515f3d,https://open.spotify.com/track/58q5Jz1My29hgf6lh2N2Sj
57191,5iRVNYbhfWNO2VzBykX7GS,Xenogenesis,62,233379,0,['TheFatRat'],['3OKg7YbOIatODzkRIbLJR4'],2014-11-27,0.544,0.608,10,-8.073,0,0.0287,0.0313,0.742,0.0925,0.088,145.049,4,https://i.scdn.co/image/ab67616d0000b2738eb141451f186d199da93317,https://open.spotify.com/track/5iRVNYbhfWNO2VzBykX7GS
57734,6JjPBQfI2Y8nIjnm65X6Pw,X (feat. Maluma & Ozuna) - Remix,70,235747,0,"['Nicky Jam', 'J Balvin', 'Maluma', 'Ozuna']","['1SupJlEpv7RS2tPNRaHViT', '1vyhD5VmyZ7KMfW5gqLgo5', '1r4hJ1h58CWwUQe3MxPuau', '1i8SpTcr7yvPOmcqrbnVXY']",2018-06-29,0.663,0.696,9,-4.957,0,0.103,0.0561,3.77e-05,0.0778,0.738,180.113,4,https://i.scdn.co/image/ab67616d0000b27343ec4e5bf12be32fc0beaac2,https://open.spotify.com/track/6JjPBQfI2Y8nIjnm65X6Pw
60434,76mh0rcSJpNhoCCqazptWm,Xpander,40,690373,0,['Sasha'],['6u4jLGLPuarS3i2XWHVxoS'],1999-07-05,0.543,0.96,8,-8.034,1,0.0466,0.000857,0.81,0.159,0.745,128.083,4,https://i.scdn.co/image/ab67616d0000b2733bc762b912245e33f6ba2cae,https://open.spotify.com/track/76mh0rcSJpNhoCCqazptWm
60500,1ExOIRM6W7W587SpnmWJZ2,X - files,35,239693,0,['DJ Dado'],['0sBXK3EAqYWj5qywdhVY7j'],2000-10-04,0.642,0.903,9,-9.632,0,0.0331,0.247,0.873,0.0887,0.442,134.989,4,https://i.scdn.co/image/ab67616d0000b273caaa00fef4b58188a91cd956,https://open.spotify.com/track/1ExOIRM6W7W587SpnmWJZ2
62862,6LE4MhZsmxaZ6kwZplDhXO,Xanadu - 2000 version,33,201107,0,['Electric Light Orchestra'],['7jefIIksOi1EazgRTfW2Pk'],1973,0.51,0.615,9,-8.495,1,0.0316,0.385,0.00456,0.13,0.518,126.784,4,https://i.scdn.co/image/ab67616d0000b2732fc8aa620527b53663388592,https://open.spotify.com/track/6LE4MhZsmxaZ6kwZplDhXO
64046,3nnvMbieuZH3L3caIRdpjk,X.Y.U. - Remastered 2012,45,427093,1,['The Smashing Pumpkins'],['40Yq4vzPs9VNUrIBG5Jr2i'],1995,0.32,0.739,11,-8.375,1,0.0502,0.000127,0.749,0.21,0.24,114.053,4,https://i.scdn.co/image/ab67616d0000b273431ac6e6f393acf475730ec6,https://open.spotify.com/track/3nnvMbieuZH3L3caIRdpjk
64535,6IPlwxIq7t3bFD18w9MZoQ,Xxplosive - Instrumental,44,215440,0,['Dr. Dre'],['6DPYiyq5kWVQS4RGwxzPC7'],1999-11-17,0.752,0.861,1,-5.788,1,0.0504,0.0462,0.811,0.135,0.948,84.467,4,https://i.scdn.co/image/ab67616d0000b273b986942966fc442a970a2879,https://open.spotify.com/track/6IPlwxIq7t3bFD18w9MZoQ
69737,2K1mqI6DBj5qv83oif1Zj5,XOXA - Premium,68,233680,1,"['Farruko', 'El Alfa']","['329e4yvIujISKGKz1BZZbO', '2oQX8QiMXOyuqbcZEFsZfm']",2021-02-23,0.593,0.643,8,-3.792,1,0.292,0.107,3.85e-05,0.199,0.366,179.956,4,https://i.scdn.co/image/ab67616d0000b2739b4fb5a9f678bc05212c4686,https://open.spotify.com/track/2K1mqI6DBj5qv83oif1Zj5
69811,6Hn9ZU7hZKAh1HsYMA26o8,Xica Da Silva,41,242733,0,['Jorge Ben Jor'],['5JYtpnUKxAzXfHEYpOeeit'],1976-01-01,0.634,0.753,9,-4.096,0,0.0628,0.498,0.0,0.161,0.914,129.006,4,https://i.scdn.co/image/ab67616d0000b2732a3e351bbab659d55a2fadec,https://open.spotify.com/track/6Hn9ZU7hZKAh1HsYMA26o8
73354,2gGTyVhUUSo6QyIMWOGZqy,Xana,41,337613,0,['Avalanch'],['2ZUIJQdnxHYN1pssKbtwh5'],2001-01-01,0.477,0.972,11,-6.752,1,0.0713,0.00101,0.000547,0.0856,0.292,150.061,4,https://i.scdn.co/image/ab67616d0000b27311d5fbf3d383c7615550ca93,https://open.spotify.com/track/2gGTyVhUUSo6QyIMWOGZqy
74333,51CGbL9BAw1896waeHoR9w,X19X,51,161107,0,['Feid'],['2LRoIwlKmHjgvigdNGBHNo'],2020-04-23,0.596,0.4,6,-9.072,0,0.112,0.71,0.0,0.103,0.083,171.515,5,https://i.scdn.co/image/ab67616d0000b2738e8753ff69b7efb6f8e146cd,https://open.spotify.com/track/51CGbL9BAw1896waeHoR9w
74344,24lBVR15wE6fcl7vN5pec1,XNTXS,50,147920,0,['Feid'],['2LRoIwlKmHjgvigdNGBHNo'],2020-04-23,0.765,0.543,7,-7.876,1,0.272,0.386,0.0,0.0824,0.426,100.197,4,https://i.scdn.co/image/ab67616d0000b2738e8753ff69b7efb6f8e146cd,https://open.spotify.com/track/24lBVR15wE6fcl7vN5pec1
74918,5wYqKB5kuA1CTUi7NC60IQ,X-Ray Mind,40,311307,0,['Mad Season'],['0T7JQxpy1Li93vLNirbv0Z'],1995-03-07,0.395,0.854,4,-6.562,0,0.0506,0.00167,0.00739,0.0718,0.582,128.34,4,https://i.scdn.co/image/ab67616d0000b2736f05798ac49c8ef26714628b,https://open.spotify.com/track/5wYqKB5kuA1CTUi7NC60IQ
76465,77fvnWALKJR0ws1VUx09CY,X (with KAROL G),74,185277,0,"['Jonas Brothers', 'KAROL G']","['7gOdHgIoIKoe4i9Tta6qdD', '790FomKkXshlbRYZFtlgla']",2020-05-15,0.715,0.827,4,-5.09,0,0.0617,0.0485,3.61e-05,0.321,0.75,117.977,4,https://i.scdn.co/image/ab67616d0000b2733b3cd45dfa6f779c01d63fdb,https://open.spotify.com/track/77fvnWALKJR0ws1VUx09CY
81483,6o92Z50qYohU4Q03xbMneu,X.O,64,172563,0,"['The Limba', 'Andro']","['7LdZqOf4uMeA5vzlI0oza7', '4J6A7DGmVEA4CXhTnCxxEd']",2020-05-15,0.863,0.626,5,-6.805,0,0.0399,0.162,0.0,0.112,0.369,100.031,4,https://i.scdn.co/image/ab67616d0000b273e2d626ea73b15c5a773700c0,https://open.spotify.com/track/6o92Z50qYohU4Q03xbMneu
82023,743BAjD2J8pskuff8fP3Vx,X Playo - Remasterizado 2007,34,247827,0,['Soda Stereo'],['7An4yvF7hDYDolN4m5zKBp'],1995-10-09,0.802,0.563,7,-10.719,1,0.146,0.919,0.874,0.121,0.149,193.834,4,https://i.scdn.co/image/ab67616d0000b273b50bb73f2ef9047afa0644a4,https://open.spotify.com/track/743BAjD2J8pskuff8fP3Vx
86387,5VPio7UCYcy0LuSUYXkecX,Xô Satanás,43,212040,0,['Asa De Águia'],['528EuwdQfm7PgHajI0SxcJ'],1995-11-10,0.511,0.573,11,-14.713,1,0.112,0.275,6.97e-06,0.0726,0.696,161.264,4,https://i.scdn.co/image/ab67616d0000b273c716bc09defb408bae8a9bcb,https://open.spotify.com/track/5VPio7UCYcy0LuSUYXkecX
90792,5akZURoD4WDkdh6ElAcwJX,Xiquexique,39,434400,0,"['José Miguel Wisnik', 'Tom Zé']","['5FVYrkTlyUHUXegj892Zni', '1gIa65d5ICT2xVWiUJ3u27']",1997-09-01,0.783,0.843,2,-11.793,1,0.0498,0.185,0.014,0.338,0.875,104.85,4,https://i.scdn.co/image/ab67616d0000b2734435f2f0db7c625b948b0c79,https://open.spotify.com/track/5akZURoD4WDkdh6ElAcwJX
91528,4CnIvWObR8ZfVXWTlvYLHN,Xamã,36,246857,0,['ProfJam'],['3DhsjXVgWmA6X26tUugAjP'],2016-12-20,0.558,0.619,5,-6.91,0,0.0708,0.187,0.000188,0.159,0.383,104.823,4,https://i.scdn.co/image/ab67616d0000b273c0693f511e641a1fe54479ab,https://open.spotify.com/track/4CnIvWObR8ZfVXWTlvYLHN
92870,2ZP6R1IZZmSXlOnOsYA0QB,Xano Meres,36,330985,1,"['Mani', 'Fi Vita Sigma', 'Rio']","['2t6NEGChLyMUnGnW1LupcS', '1tHNXjqv2f4qfAldD1hF5I', '5521NezFH11BqC62R1WCWW']",2011-11-01,0.696,0.462,1,-14.419,1,0.108,0.0772,2.42e-05,0.278,0.934,96.226,4,https://i.scdn.co/image/ab67616d0000b2734de71e16c989f063c9f20b0e,https://open.spotify.com/track/2ZP6R1IZZmSXlOnOsYA0QB
93020,3WlXyPsK32kATnn9zOQTDY,Xartziliki,31,233520,1,['LEX'],['3ObDUGvTK5W2QJqBQyIkm1'],2014-11-11,0.646,0.569,11,-8.263,0,0.417,0.139,0.0,0.0962,0.628,82.665,4,https://i.scdn.co/image/ab67616d0000b273beb71cd2f55b54335c165584,https://open.spotify.com/track/3WlXyPsK32kATnn9zOQTDY
93115,0mrO90cl3ntgo1QmCBhQup,Xana Mana,31,292665,0,['Anna Vissi'],['3qg78GGGWP04yTv0ZQMsXl'],2015-11-30,0.668,0.725,7,-3.783,1,0.0313,0.117,0.0,0.0812,0.885,152.12,4,https://i.scdn.co/image/ab67616d0000b273b0f3e9716968614adad15b00,https://open.spotify.com/track/0mrO90cl3ntgo1QmCBhQup
93228,6Fh2zqmgnpWNYHYxu2KqEM,Ximeromata,42,181497,0,['Konstantinos Argiros'],['5YquORfLTx6nWMlBzJstx7'],2017-06-15,0.754,0.796,7,-6.589,1,0.0343,0.0673,0.0,0.0606,0.682,113.046,4,https://i.scdn.co/image/ab67616d0000b27384e9ede99a469984c8aa6e71,https://open.spotify.com/track/6Fh2zqmgnpWNYHYxu2KqEM
93291,6MdI6aFcPIcBdRV6IZQjW2,Ximeromata,49,181497,0,['Konstantinos Argiros'],['5YquORfLTx6nWMlBzJstx7'],2018-10-02,0.754,0.796,7,-6.589,1,0.0343,0.0673,0.0,0.0606,0.682,113.046,4,https://i.scdn.co/image/ab67616d0000b27381f9c5d4dd3485e8027eb65b,https://open.spotify.com/track/6MdI6aFcPIcBdRV6IZQjW2
93383,2P3UGQhJUscOmOz7lNdV4T,Xorepse Mazi Mou,45,160000,0,['Saske'],['1LxWE4LOhnqeaAx2tVUK6p'],2019-11-01,0.811,0.561,8,-11.591,0,0.0826,0.613,0.000511,0.0916,0.628,123.024,4,https://i.scdn.co/image/ab67616d0000b273c13a2642949d785a482be3e4,https://open.spotify.com/track/2P3UGQhJUscOmOz7lNdV4T
93505,0Az2D1ByNU09je0ZtzDcHm,XILIOMETRA,59,247200,1,"['Mad Clip', 'Hawk', 'Sapranov', 'Light']","['3KcZf8BFeFBtnGyOZmUggd', '0vUcZVCNG7i5OV0zb8Icfw', '0ydmHwy5hFIaJEoZWWcKxC', '1UdbiTrv73Dp7F0s3OHmn2']",2020-10-02,0.744,0.657,2,-6.451,1,0.0592,0.247,0.0,0.0942,0.164,100.023,4,https://i.scdn.co/image/ab67616d0000b2739b5271236835bce9fa89626a,https://open.spotify.com/track/0Az2D1ByNU09je0ZtzDcHm
93651,1GwHMf0Opo8nNxFLCoPI4X,Xeimwnes,64,204774,1,['SNIK'],['6wN4QyhoM6fN49kEB25rnl'],2021-03-22,0.562,0.642,11,-9.338,0,0.495,0.805,1.12e-05,0.209,0.33,78.876,4,https://i.scdn.co/image/ab67616d0000b273ef352060af631fee6bfe5bd8,https://open.spotify.com/track/1GwHMf0Opo8nNxFLCoPI4X
94298,4zdspHPxpExPiU8RolxBUH,Xanadu,51,208507,0,"['Olivia Newton-John', 'Electric Light Orchestra']","['4BoRxUdrcgbbq1rxJvvhg9', '7jefIIksOi1EazgRTfW2Pk']",1980-01-01,0.652,0.654,6,-7.679,1,0.0275,0.186,0.0,0.162,0.708,127.555,4,https://i.scdn.co/image/ab67616d0000b273aca44ea06c236b60416359ee,https://open.spotify.com/track/4zdspHPxpExPiU8RolxBUH
104218,2PcRcEPe8HkDhYsA6OV6d4,xoxosos,58,153480,1,['keshi'],['3pc0bOVB5whxmD50W79wwO'],2019-07-16,0.619,0.401,5,-10.067,1,0.0372,0.557,7.49e-06,0.112,0.257,80.002,4,https://i.scdn.co/image/ab67616d0000b27344ce5e5926e0d277b70f0bd5,https://open.spotify.com/track/2PcRcEPe8HkDhYsA6OV6d4
106171,5CeA3rIWYGx6dCaSemfrPV,Xalbadorren Heriotzean,36,258299,1,['Xabier Lete'],['4O69JXLezX2zLEGfgM6RQH'],1992,0.363,0.273,2,-13.534,1,0.027,0.682,0.0,0.0988,0.307,82.78,4,https://i.scdn.co/image/ab67616d0000b27366fb485324c8d2077f5a865c,https://open.spotify.com/track/5CeA3rIWYGx6dCaSemfrPV
106545,5ll9TrumcSlKRGP531f1e3,Xque? Vol. 6,31,372280,0,['Xque?'],['4u3AD0RvrnHuCkXwyoDmdk'],1999-09-10,0.576,0.676,2,-12.717,1,0.035,0.0385,0.343,0.225,0.329,165.075,4,https://i.scdn.co/image/ab67616d0000b273947e300062fd20f16123a440,https://open.spotify.com/track/5ll9TrumcSlKRGP531f1e3
108263,3Gfs29GWViOqUnHSBq911p,Xapiadora,53,214727,1,['La Mafia del Amor'],['58BvN1pGtlKYP897Qsq5QA'],2016-09-16,0.716,0.892,9,-5.584,0,0.0452,0.148,0.0,0.0486,0.904,90.011,4,https://i.scdn.co/image/ab67616d0000b2736dd806f7e88a0e35940e84bc,https://open.spotify.com/track/3Gfs29GWViOqUnHSBq911p
109113,3h0v8BiwP1qzlCX7TXrsDF,Xdono,48,241107,0,['Tiziano Ferro'],['11TplWqOPQBTmg2eiSLt1m'],2001-10-26,0.684,0.73,6,-5.961,0,0.223,0.362,0.0,0.0622,0.9,95.109,4,https://i.scdn.co/image/ab67616d0000b273b2c5a7f7a2de7b2aaa21ebcd,https://open.spotify.com/track/3h0v8BiwP1qzlCX7TXrsDF
109345,0C5WrEPjUYPxVkKyth1Lbz,XO / The Host,54,443987,1,['The Weeknd'],['1Xyo4u8uXC1ZmMpatF05PJ'],2012-11-13,0.438,0.593,2,-7.786,1,0.049,0.375,1.8e-05,0.388,0.0791,127.994,4,https://i.scdn.co/image/ab67616d0000b273b298538481c52f7e217ed000,https://open.spotify.com/track/0C5WrEPjUYPxVkKyth1Lbz
110879,5vHyV2lOns1Jk4yneEsVIf,Xerib İm,32,267707,0,['Koma Azad'],['7FZVwOgSZUIuyjj2AnGkko'],2001-07-04,0.625,0.45,9,-8.735,0,0.028,0.806,0.0,0.0906,0.464,135.043,3,https://i.scdn.co/image/ab67616d0000b273b2a846705d434e52135c757b,https://open.spotify.com/track/5vHyV2lOns1Jk4yneEsVIf
111263,5XjWgcWyk4fxHLBP1WnJmw,X. İsm-i Azam Duası (Sübhaneke Ya Allah),34,402280,0,['Mustafa Demirci'],['2ZV3aaggZ1nGGUSvAPf2XC'],2004-10-12,0.593,0.356,4,-13.523,1,0.448,0.548,0.0,0.15,0.673,100.673,4,https://i.scdn.co/image/ab67616d0000b27362bd1bf12e76e79ac823abe1,https://open.spotify.com/track/5XjWgcWyk4fxHLBP1WnJmw
111754,5miAVsu5Y59eWp9AOXhRCu,Xezal,42,195947,0,['Xece'],['4T3vx9XkTiPXgbYchNDjQo'],2008,0.729,0.77,6,-5.406,0,0.0489,0.556,0.0,0.546,0.864,95.009,4,https://i.scdn.co/image/ab67616d0000b273c9fa125a301b197754f87457,https://open.spotify.com/track/5miAVsu5Y59eWp9AOXhRCu
114065,6k6LOLHzLj3D4zd1xmzLs4,XXL,39,265067,0,['Mylène Farmer'],['0e04xgVBPU6mE2QkSHlufD'],1995-01-01,0.564,0.744,6,-7.519,0,0.04,0.11,0.00195,0.131,0.655,125.122,4,https://i.scdn.co/image/ab67616d0000b2737f768cedd14fc6de1cdd09ef,https://open.spotify.com/track/6k6LOLHzLj3D4zd1xmzLs4
117364,1lqeY3K68W7x4I8QnmKeTf,Xote Swingado,39,214640,0,['Rastapé'],['4gocL2mlvwlI1G6TAYwQYx'],2000,0.617,0.556,7,-9.47,1,0.0398,0.223,0.0,0.161,0.928,163.263,4,https://i.scdn.co/image/ab67616d0000b2731adade780fbebcbf1da120ef,https://open.spotify.com/track/1lqeY3K68W7x4I8QnmKeTf
118580,3wyElammb2nsBW3C9fAkIk,Xiquexique,42,325653,0,['Tom Zé'],['1gIa65d5ICT2xVWiUJ3u27'],2007-03-26,0.787,0.898,2,-9.948,1,0.0445,0.175,0.00556,0.336,0.825,104.954,4,https://i.scdn.co/image/ab67616d0000b27383f15566ea067c85963be67b,https://open.spotify.com/track/3wyElammb2nsBW3C9fAkIk
119079,4ajIgCH6ccVc8UKphzLVFW,Xote Afigurado - Ao Vivo,40,324605,0,['Porca Véia'],['7ykWyBDbjpP0oCRcDAIlbA'],2010-05-03,0.54,0.833,2,-4.799,1,0.237,0.369,0.0,0.644,0.853,80.233,4,https://i.scdn.co/image/ab67616d0000b273407e1224bd3060ade22b7a0f,https://open.spotify.com/track/4ajIgCH6ccVc8UKphzLVFW
120950,3csAhPJlNeCDnvuTdT8RQw,Xereca de Mel,65,149151,1,"['Shevchenko e Elloco', 'MC Mari']","['0UkgR9OaNIythB9LMU6ND1', '2AdUWxNm17kkGZiPGuorth']",2020-03-11,0.852,0.904,0,-2.379,0,0.0656,0.143,0.00159,0.146,0.853,95.029,4,https://i.scdn.co/image/ab67616d0000b273ff28d439306a838422d7d719,https://open.spotify.com/track/3csAhPJlNeCDnvuTdT8RQw
121052,6IAPvuuTejcMmbAZKPiiq4,Xote Dos Milagres,62,189500,0,"['Atitude 67', 'Tato (Falamansa)']","['1vp5pm1DluN0sNXx4tMZzo', '2n9cWGNyvpcSF2fPT8EG5x']",2020-07-31,0.657,0.727,7,-9.74,1,0.0516,0.176,1.48e-06,0.134,0.89,174.051,4,https://i.scdn.co/image/ab67616d0000b273fe3e663adcbe6ad3d1e9d523,https://open.spotify.com/track/6IAPvuuTejcMmbAZKPiiq4
121521,75653mwqn2ikumvrHuhEKf,Xpander - Edit,38,202027,0,['Sasha'],['6u4jLGLPuarS3i2XWHVxoS'],1999-07-05,0.477,0.995,5,-5.121,0,0.0532,0.000781,0.902,0.136,0.704,128.098,4,https://i.scdn.co/image/ab67616d0000b2733bc762b912245e33f6ba2cae,https://open.spotify.com/track/75653mwqn2ikumvrHuhEKf
123125,4NplV1ZtrLM2dLm8fi2UFb,X-Friends,37,156200,0,['Tipe-X'],['6Ta7YcldiJgmh6zy2HQJsd'],2005,0.738,0.721,7,-5.959,1,0.0308,0.0172,0.000214,0.0912,0.979,137.026,4,https://i.scdn.co/image/4e626b69239cbbdcb0d5517fd8b45fd91585135f,https://open.spotify.com/track/4NplV1ZtrLM2dLm8fi2UFb
123304,3UvWFcpjN2MNdsyCrZyf3D,Xpresikan,46,249320,0,"['Bondan Prakoso', 'Fade2Black']","['7b4mucf6X53D3pEaY1jWl6', '6gvA9QkTBrrVgC61J4YaA8']",2007-10-24,0.592,0.96,4,-3.494,0,0.153,0.131,0.0,0.0616,0.712,167.926,4,https://i.scdn.co/image/ab67616d0000b2734a73cf3d60f130db69c2b13e,https://open.spotify.com/track/3UvWFcpjN2MNdsyCrZyf3D
130626,4LmAnpjlhWTahvRkYR8xJa,X (with 2 Chainz & Saudi),69,267427,1,"['ScHoolboy Q', '2 Chainz', 'Saudi']","['5IcR3N7QB1j6KBL8eImZ8m', '17lzZA2AlOHwCwFALHttmp', '37Qsf5KCKljH7mL134xp4k']",2018-02-09,0.768,0.471,2,-8.406,1,0.259,0.0201,0.0,0.268,0.405,131.023,4,https://i.scdn.co/image/ab67616d0000b273c027ad28821777b00dcaa888,https://open.spotify.com/track/4LmAnpjlhWTahvRkYR8xJa
130862,7rKm5BfLqxYko007wiamnm,X-Static,41,253493,0,['Foo Fighters'],['7jy3rLJdDQY21OgRLCZ9sD'],1995-07-04,0.322,0.868,3,-8.335,1,0.0557,3.55e-05,0.899,0.209,0.183,101.545,4,https://i.scdn.co/image/ab67616d0000b273126420226a30aa75a2f52691,https://open.spotify.com/track/7rKm5BfLqxYko007wiamnm
133034,6NddP2zfdngcV0qmIwqTa7,Xplicito Rap,38,299962,0,['Adickta Sinfonía'],['3McbjZPGQECT5OMujemGpi'],2009-12-21,0.716,0.893,1,-5.733,1,0.27,0.258,0.0,0.0551,0.736,87.946,4,https://i.scdn.co/image/ab67616d0000b2737495d6572d61d10f49527d96,https://open.spotify.com/track/6NddP2zfdngcV0qmIwqTa7
133180,2xS330RuQzRBnqmiNYxMxn,XXX,43,332134,0,['Jowell Y Randy Feat. Delagettho'],['0n1Mu3hcz676mMVwz6z2kX'],2011-04-08,0.786,0.749,8,-6.466,1,0.0733,0.104,0.0,0.223,0.746,93.014,4,https://i.scdn.co/image/ab67616d0000b2739da625f8273cbbe490295524,https://open.spotify.com/track/2xS330RuQzRBnqmiNYxMxn
133547,5rqOopoA9X1ybr0Yfk9YOx,X Dinero,57,174785,1,['Julianno Sosa'],['4IC2X34tZmHG3VfTbpzvwL'],2019-10-31,0.728,0.71,7,-5.027,0,0.0782,0.524,0.0,0.123,0.317,124.941,4,https://i.scdn.co/image/ab67616d0000b273f798702951961570b8cda375,https://open.spotify.com/track/5rqOopoA9X1ybr0Yfk9YOx
133970,6IfPsaQFL3MTgYmjZQWRVP,Xhamadani Vija Vija,33,270480,0,['Iliret'],['2fjOpYOzraK68XPAduvGQl'],1998,0.748,0.442,10,-11.913,0,0.037,0.187,0.0,0.355,0.682,123.959,4,https://i.scdn.co/image/ab67616d0000b273bb95082f4890bb2fe89cfde2,https://open.spotify.com/track/6IfPsaQFL3MTgYmjZQWRVP
134562,7hPhjBWckG643Ykq8NKZuQ,Xhelozia,53,237582,0,['Mozzik'],['1pkDzgHvVqC17qYGKfLPpb'],2017-10-14,0.782,0.688,4,-4.854,0,0.27,0.167,0.0,0.151,0.21,99.033,4,https://i.scdn.co/image/ab67616d0000b273c5f3ea1ab88ae7be5ccbdab5,https://open.spotify.com/track/7hPhjBWckG643Ykq8NKZuQ
134717,0p3euGPg5LgFeQGC7bBFuR,XXL,69,166173,1,"['Miksu / Macloud', 'Summer Cem', 'Luciano', 'Jamule']","['76dRoxKtDwYkgCQePok9cU', '3drqpTL4sQOckmAfF9i1wg', '3CJKkU0XuElRT1z8rEtIYg', '4sVieJlKgpZ2k9ESNS5IdN']",2020-06-26,0.798,0.527,5,-7.671,0,0.0447,0.227,3.82e-06,0.108,0.548,114.008,4,https://i.scdn.co/image/ab67616d0000b27328ee80fc085b4fad61b3c16f,https://open.spotify.com/track/0p3euGPg5LgFeQGC7bBFuR
136927,65Z6yL1xonLzUHWEtvhsof,XOXO (feat. Thees Uhlmann),47,242813,0,"['Casper', 'Thees Uhlmann']","['6UDhlW8uEVBBrqHS3RrKuv', '4nBVmMKK89dAUaanGPBgpY']",2011-07-08,0.511,0.944,8,-5.961,1,0.238,0.107,0.0,0.112,0.316,139.975,4,https://i.scdn.co/image/ab67616d0000b27300983ee85a6372e2e511ff1b,https://open.spotify.com/track/65Z6yL1xonLzUHWEtvhsof
140155,0IGOZFrtfCw3IdkkMpYzwP,X-Machi,31,252720,0,"['Mathangi', 'Nakul']","['1FLKLH0gwcm3HOkQopsn9t', '6f2iNRGL3Z1TYjTeb9FOPw']",2005,0.9,0.857,0,-7.738,0,0.0754,0.196,6.25e-05,0.119,0.627,121.996,4,https://i.scdn.co/image/ab67616d0000b27396fa4201ff42cd2dcfef14c4,https://open.spotify.com/track/0IGOZFrtfCw3IdkkMpYzwP
143314,3NVj8zcvyyJ0uX8CQLCBkG,Xan & Coke,39,230400,1,"['Nik Tendo', 'Yzomandias']","['6gvVFtkTV4OCyQSCzGgU1h', '721o1Z0J6jQupyzLt9RnEk']",2019-11-01,0.815,0.48,0,-7.12,0,0.194,0.156,0.0,0.12,0.244,124.94,4,https://i.scdn.co/image/ab67616d0000b2730a259881995e7e1cfdfe81d5,https://open.spotify.com/track/3NVj8zcvyyJ0uX8CQLCBkG
144544,3pgwmvkf1hczvQDN8r6pwl,XXX Funk,31,235893,1,['Funkdoobiest'],['0pbj7bsLCiQ5f8P9mFnuPN'],1995,0.801,0.45,11,-13.849,1,0.14,0.484,0.0442,0.173,0.675,96.022,4,https://i.scdn.co/image/ab67616d0000b273bfabdcfa258e866eaaaa0dfe,https://open.spotify.com/track/3pgwmvkf1hczvQDN8r6pwl
144863,5CReAh1Nccooof2kGtrBk9,X-RAY,43,228302,0,['Tommy Cash'],['44XzG6GoJZNtkIGW19hsUK'],2018-11-30,0.49,0.91,9,-5.136,0,0.167,0.00107,3.7e-05,0.311,0.261,160.031,4,https://i.scdn.co/image/ab67616d0000b27327d9dff4adb4c10d3ed6fb40,https://open.spotify.com/track/5CReAh1Nccooof2kGtrBk9
149633,47VKiNedFU3EGKYGbZF7Hz,Xgf,35,174747,0,"['Sponge Cola', 'Chito Miranda', 'Los Magno']","['1tXFYQZSAswt4JLB42lpye', '72VBk3SEsEFPF948CmkHT4', '3hoTXAUM6bci1o5WfWrIPv']",2009,0.377,0.899,11,-3.735,1,0.191,0.228,0.0,0.263,0.77,95.151,4,https://i.scdn.co/image/ab67616d0000b273c7d61ff050be55c0e2255531,https://open.spotify.com/track/47VKiNedFU3EGKYGbZF7Hz
153358,04cxAqa9ZgLwvEskosNVsB,XO,54,215947,0,['Beyoncé'],['6vWDO969PvNqNYHIOW5v0m'],2013-12-20,0.47,0.792,0,-8.932,1,0.26,0.171,1.28e-06,0.313,0.214,170.085,4,https://www.logolynx.com/images/logolynx/fd/fd323edba31a2b2612df2617ef7c2ede.jpeg,https://open.spotify.com/
153424,04ywdLT2KrAXSjiXcstFSM,XxxCouture - XxxCouture,45,202467,0,['L.O.C.'],['0VUVvNFIyMeIWguwhhImIc'],2008-10-08,0.744,0.654,0,-6.353,1,0.0514,0.0539,0.00113,0.565,0.681,114.122,4,https://www.logolynx.com/images/logolynx/fd/fd323edba31a2b2612df2617ef7c2ede.jpeg,https://open.spotify.com/
155639,0FKPLaQd918tdp32A0oW0W,X-Men,42,145383,1,['Ian'],['0GoJXmDr5UBG8ValCZe4om'],2018-09-26,0.842,0.722,1,-7.186,1,0.0816,0.023,4.01e-05,0.0884,0.574,149.916,4,https://www.logolynx.com/images/logolynx/fd/fd323edba31a2b2612df2617ef7c2ede.jpeg,https://open.spotify.com/
156570,0JyOOPqNSdhIC7VrxrRNGt,XO,58,172174,1,"['Yasin', 'Dree Low']","['6rYEqmajzlhGVaayOJ2bpJ', '3tNPDodRNuLdezJnTsYOqy']",2019-12-16,0.718,0.527,8,-10.187,1,0.436,0.371,0.0,0.14,0.297,92.276,4,https://www.logolynx.com/images/logolynx/fd/fd323edba31a2b2612df2617ef7c2ede.jpeg,https://open.spotify.com/
157952,0PtGGoMNoOlZRm67YStbDj,X,48,289118,1,"['Danju', 'Cro']","['383SVV0agxDRv1X2dKHsUb', '3utZ2yeQk0Z3BCOBWP7Vlu']",2016-04-08,0.623,0.64,3,-7.672,1,0.325,0.148,0.0,0.385,0.398,120.041,4,https://www.logolynx.com/images/logolynx/fd/fd323edba31a2b2612df2617ef7c2ede.jpeg,https://open.spotify.com/
158321,0RiBxyNYHsNPOA76tEV4fd,Xionovelos,49,126600,0,['DJ ARROWING'],['0RKtXiWRuTiiIieQZof1fB'],2020-12-18,0.57,0.76,7,-7.328,0,0.0327,0.011,0.807,0.171,0.574,179.976,4,https://www.logolynx.com/images/logolynx/fd/fd323edba31a2b2612df2617ef7c2ede.jpeg,https://open.spotify.com/
159263,0W2dRTfCkaanZgRimFEMay,XNX,47,143693,1,['Sfera Ebbasta'],['23TFHmajVfBtlRx5MXqgoz'],2018-01-19,0.762,0.721,2,-5.293,1,0.0529,0.0269,0.00023,0.167,0.155,129.978,4,https://www.logolynx.com/images/logolynx/fd/fd323edba31a2b2612df2617ef7c2ede.jpeg,https://open.spotify.com/
160658,0cXFXgFns7sIMmTpqyGRmD,Xanadu,61,208240,0,['Olivia Newton-John'],['4BoRxUdrcgbbq1rxJvvhg9'],1980-06-01,0.635,0.584,6,-9.112,1,0.0296,0.118,0.0,0.29,0.711,127.626,4,https://www.logolynx.com/images/logolynx/fd/fd323edba31a2b2612df2617ef7c2ede.jpeg,https://open.spotify.com/
163297,0oa6d6Nz5BmP7jquxEoyMm,XO,51,235907,0,['Anna Elizabeth Laube'],['6O0rWDT0LuZk9Cpe45kbcx'],2016-09-09,0.456,0.154,10,-13.953,1,0.0327,0.924,0.00116,0.108,0.351,79.211,4,https://www.logolynx.com/images/logolynx/fd/fd323edba31a2b2612df2617ef7c2ede.jpeg,https://open.spotify.com/
163400,0p71gLXnx6BcvnNH4V1nem,XXX Pt. 1 (Softcore),40,192827,1,"['Guè Pequeno', 'Baby K']","['7F2utINZ6tSokSiZTQBE27', '725KKhVCSCQbYkZBptBTfg']",2011-01-01,0.869,0.641,3,-6.899,0,0.111,0.0695,0.0,0.3,0.61,106.99,4,https://www.logolynx.com/images/logolynx/fd/fd323edba31a2b2612df2617ef7c2ede.jpeg,https://open.spotify.com/
164595,0uXuwBSTOEoGAVzw5KbOwN,Xanadu,31,667293,0,['Rush'],['2Hkut4rAAyrQxRdof7FVJq'],1977-09-01,0.344,0.528,5,-9.089,0,0.0506,0.138,0.00208,0.0711,0.0429,126.379,4,https://www.logolynx.com/images/logolynx/fd/fd323edba31a2b2612df2617ef7c2ede.jpeg,https://open.spotify.com/
165373,0yAJNbCBZ2amkArXpw18gB,X Missing U,49,190267,0,"['Dayang Nurfaizah', 'Faizal Tahir', 'Tuju', 'YonnyBoii']","['1E5aZPein8p4Jf9zkPpBsV', '0CIHy5rV9yWHNaYa8U3KLk', '3DpduguWUTtn3NQ1PFr2Kd', '13rJ1RvOkiAEQnvbt9SlXR']",2020-02-28,0.549,0.647,7,-6.262,1,0.0364,0.357,0.0,0.0861,0.426,127.861,4,https://www.logolynx.com/images/logolynx/fd/fd323edba31a2b2612df2617ef7c2ede.jpeg,https://open.spotify.com/
167186,16LnNR25rqcvQVNv5UEQ7g,X,56,255547,1,['Xzibit'],['4tujQJicOnuZRLiBFdp3Ou'],2009-07-23,0.935,0.608,4,-5.583,0,0.233,0.102,0.0,0.0891,0.829,96.913,4,https://www.logolynx.com/images/logolynx/fd/fd323edba31a2b2612df2617ef7c2ede.jpeg,https://open.spotify.com/
167431,17OUBczN4xbjuCDcx0xmXL,XTC,51,189409,0,"['Lukas Leon', 'Cheek', 'Etta']","['1lDaPfGRA6miVIOjZbY50n', '5ZZqIQ25HQmufjjf2trwFO', '3Lc2yroP05lRK5z9NtQTkc']",2018-06-14,0.727,0.822,10,-5.344,0,0.0492,0.051,2.16e-06,0.125,0.743,146.015,4,https://www.logolynx.com/images/logolynx/fd/fd323edba31a2b2612df2617ef7c2ede.jpeg,https://open.spotify.com/
167811,193OZPDGBIxAeQ926XSkso,Xibom Bombom,41,226202,0,['Banda Carnaval Do Rio'],['7GDNgrx8eZN7CONSMuoCSg'],2010-11-30,0.917,0.862,9,-6.631,0,0.162,0.187,0.0,0.0614,0.962,148.612,4,https://www.logolynx.com/images/logolynx/fd/fd323edba31a2b2612df2617ef7c2ede.jpeg,https://open.spotify.com/
170930,1ND31Ng8p63TSfLVjfnYcS,XL,43,235093,0,['Nil Karaibrahimgil'],['1PpRPZXSS5ka7m5NW2TO7q'],2002-05-15,0.584,0.726,5,-6.549,1,0.0528,0.184,0.000424,0.127,0.735,159.983,4,https://www.logolynx.com/images/logolynx/fd/fd323edba31a2b2612df2617ef7c2ede.jpeg,https://open.spotify.com/
177325,1qjjWNjMmK631J5xjb4yxE,Xanny,56,176853,1,['Sierra Kidd'],['0U7ti3mwGrBNlKNE4YlbfT'],2016-10-28,0.554,0.762,11,-4.868,0,0.0325,0.0154,0.0,0.238,0.353,152.082,4,https://www.logolynx.com/images/logolynx/fd/fd323edba31a2b2612df2617ef7c2ede.jpeg,https://open.spotify.com/
178807,1xjdDc5vuFbdYnCMCKNIZG,X You - Radio Edit,49,200480,0,['Avicii'],['1vCWHaC5f2uS3yhpwWbIA6'],2013-01-01,0.495,0.672,7,-7.949,0,0.068,0.00895,0.075,0.359,0.129,126.001,4,https://www.logolynx.com/images/logolynx/fd/fd323edba31a2b2612df2617ef7c2ede.jpeg,https://open.spotify.com/
178888,1y5ib63XF9YbxvrEOuT9TO,Xanny,35,179278,1,"['Marko Glass', 'Bisi']","['07nCYoPlXkWlhC2FHm1INS', '2JvQLQBJZyJj2HfL6DFyl4']",2019-07-01,0.792,0.663,5,-7.849,0,0.204,0.505,2.26e-06,0.362,0.731,74.985,4,https://www.logolynx.com/images/logolynx/fd/fd323edba31a2b2612df2617ef7c2ede.jpeg,https://open.spotify.com/
180508,25bDIUaewhgHxXUM3GuLl0,XXIst Feels Right,39,140631,0,['Jejey'],['1Qfp0MJVdyr1F8RTosTDS3'],2020-10-31,0.784,0.934,0,-13.181,1,0.042,0.00788,0.703,0.0737,0.981,140.007,4,https://www.logolynx.com/images/logolynx/fd/fd323edba31a2b2612df2617ef7c2ede.jpeg,https://open.spotify.com/
186061,2VSK0CBTBzki1AOVJV83k8,X,47,173628,0,"['Nicky Jam', 'J Balvin']","['1SupJlEpv7RS2tPNRaHViT', '1vyhD5VmyZ7KMfW5gqLgo5']",2019-11-01,0.588,0.761,9,-4.713,0,0.0524,0.0262,0.00105,0.331,0.734,180.026,4,https://www.logolynx.com/images/logolynx/fd/fd323edba31a2b2612df2617ef7c2ede.jpeg,https://open.spotify.com/
192455,2zKhN4gBTln4QgDo2KYuML,X,39,173628,0,"['Nicky Jam', 'J Balvin']","['1SupJlEpv7RS2tPNRaHViT', '1vyhD5VmyZ7KMfW5gqLgo5']",2018-03-02,0.583,0.762,9,-4.707,0,0.0531,0.0253,0.00129,0.335,0.748,180.048,4,https://www.logolynx.com/images/logolynx/fd/fd323edba31a2b2612df2617ef7c2ede.jpeg,https://open.spotify.com/
195735,3EWaR09H3TkRgaLTIheYFr,XO Tour Llif3,60,182707,1,['Lil Uzi Vert'],['4O15NlyKLIASxsJ0PrXPfz'],2017-11-17,0.732,0.75,11,-6.366,0,0.231,0.00264,0.0,0.109,0.401,155.096,4,https://www.logolynx.com/images/logolynx/fd/fd323edba31a2b2612df2617ef7c2ede.jpeg,https://open.spotify.com/
195994,3Fm1KdUH8FmJOdtFi8MBvx,XOXO,55,186018,0,['EXO'],['3cjEqqelV9zb4BYE3qDQ4O'],2013-08-05,0.707,0.689,1,-5.428,1,0.0421,0.00678,0.0,0.441,0.563,93.951,4,https://www.logolynx.com/images/logolynx/fd/fd323edba31a2b2612df2617ef7c2ede.jpeg,https://open.spotify.com/
198055,3PIb29elaZBBssFknN4p8U,Xiii,40,214159,0,['Mr.Kitty'],['0pWwt5vGNzezEhfAcc420Y'],2014-08-08,0.477,0.61,11,-12.163,0,0.0302,0.000615,0.932,0.229,0.0395,130.027,3,https://www.logolynx.com/images/logolynx/fd/fd323edba31a2b2612df2617ef7c2ede.jpeg,https://open.spotify.com/
201597,3fk0E04oxVw1R8IHOMYYCZ,Xanax Doin Damage,62,193303,1,['t-low'],['3tQzzidoPfVifoURnDfgmD'],2020-07-24,0.834,0.654,5,-6.942,0,0.0901,0.367,0.0,0.115,0.363,100.072,4,https://www.logolynx.com/images/logolynx/fd/fd323edba31a2b2612df2617ef7c2ede.jpeg,https://open.spotify.com/
203333,3oI0TV5oIDrgKmYnI908uW,X3 (feat. Gazo),64,188587,1,"['ASHE 22', 'Gazo']","['3tTvSeZiFDP3CY5EdPGcR4', '5gqmbbfjcikQBzPB5Hv13I']",2021-03-18,0.781,0.477,9,-13.029,1,0.427,0.281,8.03e-05,0.106,0.261,144.041,4,https://www.logolynx.com/images/logolynx/fd/fd323edba31a2b2612df2617ef7c2ede.jpeg,https://open.spotify.com/
206046,40xhyfAPDoMtv494MfPevP,XO,65,215947,0,['Beyoncé'],['6vWDO969PvNqNYHIOW5v0m'],2014-11-24,0.47,0.792,0,-8.932,1,0.26,0.171,1.28e-06,0.313,0.214,170.085,4,https://www.logolynx.com/images/logolynx/fd/fd323edba31a2b2612df2617ef7c2ede.jpeg,https://open.spotify.com/
207334,4781OLJfic9cpYZlZ5eiug,Xde Hal Bro (feat. REZ),33,227500,0,"['Caprice', 'Rez']","['3yOuOOFL637FIFCLOie5TQ', '2SofhEUevbv1Q7BR2GK7kL']",2014-08-12,0.783,0.787,3,-2.675,0,0.0946,0.135,0.0,0.085,0.606,95.984,4,https://www.logolynx.com/images/logolynx/fd/fd323edba31a2b2612df2617ef7c2ede.jpeg,https://open.spotify.com/
209214,4FzGuF7H8GtUnGNZVxnVc0,XXX Shop,35,54918,1,['Oxxxymiron'],['1gCOYbJNUa1LBVO5rlx0jB'],2013-10-18,0.748,0.766,11,-8.303,1,0.244,0.0456,0.0,0.497,0.598,141.025,4,https://www.logolynx.com/images/logolynx/fd/fd323edba31a2b2612df2617ef7c2ede.jpeg,https://open.spotify.com/
215523,4iYRa2btalAzPZoSYfROqF,XXX. FEAT. U2.,66,254200,1,"['Kendrick Lamar', 'U2']","['2YZyLoL8N0Wb9xBt1NhZWg', '51Blml2LZPmy7TTiAg47vQ']",2017-04-14,0.568,0.619,1,-6.899,1,0.414,0.138,1.67e-06,0.11,0.293,170.115,4,https://www.logolynx.com/images/logolynx/fd/fd323edba31a2b2612df2617ef7c2ede.jpeg,https://open.spotify.com/
215626,4j1nRPWIoFTz66Zrw57tur,Xibom Bombom,46,227227,0,['As Meninas'],['371M52AfDZxmM0mIWn2oGf'],1999-12-04,0.919,0.811,11,-7.452,1,0.175,0.165,0.0,0.0538,0.963,148.603,4,https://www.logolynx.com/images/logolynx/fd/fd323edba31a2b2612df2617ef7c2ede.jpeg,https://open.spotify.com/
215841,4jxFlzSc7qdSp231rDzSAh,XDVR,43,120000,1,['Sfera Ebbasta'],['23TFHmajVfBtlRx5MXqgoz'],2015-11-23,0.796,0.832,2,-7.944,1,0.0351,0.0139,0.342,0.0912,0.139,115.033,4,https://www.logolynx.com/images/logolynx/fd/fd323edba31a2b2612df2617ef7c2ede.jpeg,https://open.spotify.com/
215940,4kPdl8baYptY5mxVDHZIWZ,XXX CARROT XXX,42,125179,0,['Juicy Carrot'],['2c1mtQUI6bb8xSeL3ITFVX'],2016-05-20,0.778,0.359,2,-12.813,1,0.103,0.0397,0.553,0.109,0.0451,139.98,4,https://www.logolynx.com/images/logolynx/fd/fd323edba31a2b2612df2617ef7c2ede.jpeg,https://open.spotify.com/
216342,4mAKfULLctjuYu05H65lUp,XYZ,41,192000,1,"['MG', 'DJ Stephan']","['6SWOdiks4Ac3lMM8NCqDm0', '0fxvzvlu3VQV3wDIhAxBmn']",2020-07-17,0.825,0.786,0,-5.388,1,0.153,0.289,0.0,0.332,0.508,99.933,4,https://www.logolynx.com/images/logolynx/fd/fd323edba31a2b2612df2617ef7c2ede.jpeg,https://open.spotify.com/
216814,4oMPZbzG1dK2UltYojsKu8,Xanny - Remix,42,206495,1,"['Marko Glass', 'Bvcovia']","['07nCYoPlXkWlhC2FHm1INS', '5CqmNRrmp3UP3NGccmlKHR']",2019-07-01,0.802,0.562,5,-14.022,0,0.193,0.296,5.48e-06,0.337,0.793,75.073,4,https://www.logolynx.com/images/logolynx/fd/fd323edba31a2b2612df2617ef7c2ede.jpeg,https://open.spotify.com/
217244,4qF2Wsc0dio6IoKzpvChCg,X2 - Prod. Gredy,55,176000,1,['Boulevard Depo'],['7dH8w9flSy9w81ilr0xXWe'],2020-05-29,0.815,0.541,0,-7.86,1,0.181,0.413,0.0,0.0865,0.392,119.951,4,https://www.logolynx.com/images/logolynx/fd/fd323edba31a2b2612df2617ef7c2ede.jpeg,https://open.spotify.com/
224107,5MDmBimlxmvhDshNiV5fCa,Xa Ndiyekelelwa - Live,35,406600,0,"['Spirit Of Praise', 'Tshepiso', 'Thando']","['4WN1JAeUnvBiLteTeFSwUa', '0eUzQtxmaaNwA1wkyq4b2I', '3bQm9hhUUYYmq9RHfReyhn']",2019-05-31,0.485,0.619,1,-7.282,1,0.0516,0.238,1.66e-06,0.194,0.621,119.439,4,https://www.logolynx.com/images/logolynx/fd/fd323edba31a2b2612df2617ef7c2ede.jpeg,https://open.spotify.com/
225273,5RjVUhNJWgmmT6cJCgGWT0,X/0,34,198679,0,['AWS'],['2I5ZkGFj7RYeIBjV4dFlWn'],2018-10-08,0.486,0.974,8,-4.783,0,0.113,0.00113,0.0,0.124,0.394,146.111,4,https://www.logolynx.com/images/logolynx/fd/fd323edba31a2b2612df2617ef7c2ede.jpeg,https://open.spotify.com/
226744,5YUyW9opqNsMSEzzecZih1,X,76,172854,0,"['Nicky Jam', 'J Balvin']","['1SupJlEpv7RS2tPNRaHViT', '1vyhD5VmyZ7KMfW5gqLgo5']",2019-11-01,0.594,0.749,9,-5.298,0,0.056,0.0338,0.00106,0.3,0.694,179.968,4,https://www.logolynx.com/images/logolynx/fd/fd323edba31a2b2612df2617ef7c2ede.jpeg,https://open.spotify.com/
227620,5cZaDnYFu5FjuMLucBH7vO,X - Remix,42,235747,0,"['Nicky Jam', 'J Balvin', 'Maluma', 'Ozuna']","['1SupJlEpv7RS2tPNRaHViT', '1vyhD5VmyZ7KMfW5gqLgo5', '1r4hJ1h58CWwUQe3MxPuau', '1i8SpTcr7yvPOmcqrbnVXY']",2018-06-29,0.663,0.696,9,-4.957,0,0.103,0.0561,3.77e-05,0.0778,0.738,180.113,4,https://www.logolynx.com/images/logolynx/fd/fd323edba31a2b2612df2617ef7c2ede.jpeg,https://open.spotify.com/
228204,5f707BCxygGaoXWDUWF6nK,Xola Moya Wam',45,304211,0,"['Nomcebo Zikode', 'Master KG']","['4cfKtwkefMW3aiXtxfw8w6', '523y9KSneKh6APd1hKxLuF']",2020-08-14,0.807,0.703,1,-7.71,1,0.0514,0.036,0.0215,0.0491,0.617,113.992,4,https://www.logolynx.com/images/logolynx/fd/fd323edba31a2b2612df2617ef7c2ede.jpeg,https://open.spotify.com/
228565,5gouWBHeO3hLhCUr9gSvV5,X 1 MEX (feat. Dani Faiv),64,174747,1,"['BLOODY VINYL', 'Slait', 'tha Supreme', 'Young Miles', 'Dani Faiv']","['0VitAFMCI2apQxKzDjg1PU', '2KXYAKQTxHuUHDtVgeGn6w', '19i93sA0D7yS9dYoVNBqAA', '1gs79u8PKkWAW1yfymbkTt', '0ffKEtMDnROKWyJtXUnLbJ']",2020-10-02,0.543,0.817,7,-3.385,1,0.135,0.00071,0.000393,0.136,0.504,122.76,4,https://www.logolynx.com/images/logolynx/fd/fd323edba31a2b2612df2617ef7c2ede.jpeg,https://open.spotify.com/
231658,5ur9RiSxJhlGLcKDKOkRrC,X-Ray,35,157546,1,['PHARAOH'],['1F8usyx5PbYGWxf0bwdXwA'],2015,0.691,0.515,5,-7.796,1,0.0522,0.0308,0.0,0.0656,0.5,111.961,4,https://www.logolynx.com/images/logolynx/fd/fd323edba31a2b2612df2617ef7c2ede.jpeg,https://open.spotify.com/
232934,60zS0V5Qdh9eaQ9TV1MpTK,Xverso,43,231120,0,['Tiziano Ferro'],['11TplWqOPQBTmg2eiSLt1m'],2003-06-01,0.788,0.793,5,-1.597,0,0.229,0.0496,0.0,0.102,0.885,96.995,4,https://www.logolynx.com/images/logolynx/fd/fd323edba31a2b2612df2617ef7c2ede.jpeg,https://open.spotify.com/
233297,62egMz6UViCkxGfWfeYVs5,XXX Pt. 2 (Hardcore),43,269613,1,"['Guè Pequeno', 'Zuli', 'Emis Killa', 'Vacca']","['7F2utINZ6tSokSiZTQBE27', '4qbPsaz6MU1B0lyUXITJeJ', '6FtwCmLY6L1sqvjaQ2lV6G', '4lXqyfnO42fw7mPGF5ZXjR']",2011-01-01,0.683,0.685,1,-6.407,1,0.279,0.138,0.0,0.0601,0.673,152.058,4,https://www.logolynx.com/images/logolynx/fd/fd323edba31a2b2612df2617ef7c2ede.jpeg,https://open.spotify.com/
233994,65mhesg9E1dT45P5DYX4wV,X Ti,51,173993,0,['Sech'],['77ziqFxp5gaInVrF2lj4ht'],2019-04-19,0.731,0.592,6,-4.017,0,0.099,0.273,1.11e-06,0.108,0.757,169.873,4,https://www.logolynx.com/images/logolynx/fd/fd323edba31a2b2612df2617ef7c2ede.jpeg,https://open.spotify.com/
234871,6A3bL3MlU0l54kKlgpw0UT,X-men,56,249560,1,"['Lomepal', 'JeanJass']","['1Yfe3ONJlioHys7jwHdfVm', '11jTIrOwxFOLvhJIdb4FYo']",2018-12-07,0.744,0.512,0,-8.429,0,0.255,0.252,0.00191,0.107,0.451,140.443,4,https://www.logolynx.com/images/logolynx/fd/fd323edba31a2b2612df2617ef7c2ede.jpeg,https://open.spotify.com/
235604,6DLHnNodZuATrKbc2h2BmU,XY&Z,39,208267,0,['サトシ(CV:松本梨香)'],['4W1d1c48W1NQZArFVHyQO8'],2015-12-10,0.575,0.958,6,-2.583,0,0.157,0.0713,0.0,0.287,0.629,127.062,4,https://www.logolynx.com/images/logolynx/fd/fd323edba31a2b2612df2617ef7c2ede.jpeg,https://open.spotify.com/
240284,6ZCZjeYT8M0T6zFL9UdW6d,XDVRMX,52,202445,1,"['Sfera Ebbasta', 'Luchè', 'Marracash']","['23TFHmajVfBtlRx5MXqgoz', '0yHtPBDrHuVC45vj5E1yMi', '5AZuEF0feCXMkUCwQiQlW7']",2015-11-23,0.78,0.878,2,-3.615,1,0.0541,0.146,0.0,0.146,0.399,115.02,4,https://www.logolynx.com/images/logolynx/fd/fd323edba31a2b2612df2617ef7c2ede.jpeg,https://open.spotify.com/
240545,6aMOnyPDHIrnT0mepiaLeR,X,38,361533,0,['X JAPAN'],['4VrqQQy6X0hlMtqY5gp6Wx'],1989,0.403,0.988,1,-3.905,0,0.127,0.000211,0.0498,0.0599,0.209,176.464,4,https://www.logolynx.com/images/logolynx/fd/fd323edba31a2b2612df2617ef7c2ede.jpeg,https://open.spotify.com/
240555,6aP5RkU1CWum6QkrjQJmot,Xoxo,35,73527,0,['Ultra Pitch'],['0uDaJCZkhRnJgMwfMHh72P'],2020-05-22,0.665,0.229,5,-19.171,0,0.0783,0.953,0.874,0.0922,0.926,156.822,4,https://www.logolynx.com/images/logolynx/fd/fd323edba31a2b2612df2617ef7c2ede.jpeg,https://open.spotify.com/
241964,6hK9rzweEnK3kQEGFUW7Im,XS,61,206897,1,['Josman'],['6dbdXbyAWk2qx8Qttw0knR'],2018-09-14,0.806,0.765,10,-4.765,0,0.171,0.345,0.0,0.0846,0.53,144.991,4,https://www.logolynx.com/images/logolynx/fd/fd323edba31a2b2612df2617ef7c2ede.jpeg,https://open.spotify.com/
242265,6ijxg6Xglae8LfsR8eP5x2,Xxplosive,49,215200,1,"['Dr. Dre', 'Hittman', 'Six-Two', 'Nate Dogg', 'Kurupt']","['6DPYiyq5kWVQS4RGwxzPC7', '3np2OYRZAgI4e6lxeGmGr8', '4xko5t5site4jVwopoCF21', '1Oa0bMld0A3u5OTYfMzp5h', '6NyJIFHAePjHR1pFxwisqz']",1999-11-16,0.766,0.889,1,-4.35,1,0.102,0.184,1.25e-05,0.144,0.933,169.084,4,https://www.logolynx.com/images/logolynx/fd/fd323edba31a2b2612df2617ef7c2ede.jpeg,https://open.spotify.com/
245001,6vuEjpJFDnQfgSv2HYyC3h,X,53,169038,1,['Three AM Fuxk'],['46WXN5rRkUX5bCvwsjics4'],2018-07-01,0.523,0.391,4,-11.769,0,0.03,0.437,0.492,0.205,0.0378,109.952,4,https://www.logolynx.com/images/logolynx/fd/fd323edba31a2b2612df2617ef7c2ede.jpeg,https://open.spotify.com/
246327,721YSCRZeNRy1urBThG58M,XL a la Sombra,37,200638,1,['Charlie Hijos Bastardos'],['73nFLjE3BcdgywGYVtvXdL'],2009-07-30,0.747,0.443,10,-11.864,0,0.414,0.0309,0.0,0.217,0.689,90.017,4,https://www.logolynx.com/images/logolynx/fd/fd323edba31a2b2612df2617ef7c2ede.jpeg,https://open.spotify.com/
247273,76Y2Mygoo8ZH9wJBtODYdd,X Colpa Di Chi?,43,238533,0,['Zucchero'],['2KftmGt9sk1yLjsAoloC3M'],1995-01-01,0.667,0.841,9,-9.504,1,0.0626,0.0181,0.000998,0.522,0.45,127.03,4,https://www.logolynx.com/images/logolynx/fd/fd323edba31a2b2612df2617ef7c2ede.jpeg,https://open.spotify.com/
248385,7BgIcfAlmUNW6IABxVJcT2,XX,51,113720,0,['Feid'],['2LRoIwlKmHjgvigdNGBHNo'],2020-04-23,0.76,0.654,1,-6.135,1,0.0627,0.0564,1.41e-06,0.118,0.806,163.939,4,https://www.logolynx.com/images/logolynx/fd/fd323edba31a2b2612df2617ef7c2ede.jpeg,https://open.spotify.com/
248525,7CN6ZYIX338ekn7pb2CpQp,XTC,59,156630,0,"['Solardo', 'Eli Brown']","['0oO1IaDOBSeI96HbnCa5pZ', '5lVNSw2GPci8kebrAQpZqU']",2019-07-19,0.703,0.929,3,-6.5,0,0.0661,0.00761,0.00334,0.219,0.585,128.005,4,https://www.logolynx.com/images/logolynx/fd/fd323edba31a2b2612df2617ef7c2ede.jpeg,https://open.spotify.com/
252581,7iAlBjsHrChTmEqcTdxAFF,Xiyonat,48,227762,0,['Ummon guruhi'],['3JT1tTwoNMB04XRIBal9Vy'],2015-10-04,0.767,0.471,8,-9.275,0,0.453,0.792,0.000368,0.143,0.469,156.04,4,https://www.logolynx.com/images/logolynx/fd/fd323edba31a2b2612df2617ef7c2ede.jpeg,https://open.spotify.com/
252638,7iNiRaxUOvd4seviLprqeb,X,45,181691,0,['KESI'],['2d7AMvzFwh5wUTuqQl3BAE'],2019-01-11,0.756,0.596,0,-5.473,0,0.0359,0.13,0.0,0.216,0.683,102.005,4,https://www.logolynx.com/images/logolynx/fd/fd323edba31a2b2612df2617ef7c2ede.jpeg,https://open.spotify.com/
253484,7mPyHxAciWrTgTtIbQpkug,X,37,361533,0,['X JAPAN'],['4VrqQQy6X0hlMtqY5gp6Wx'],2008,0.397,0.987,1,-3.895,0,0.12,0.000208,0.0399,0.0656,0.222,176.517,4,https://www.logolynx.com/images/logolynx/fd/fd323edba31a2b2612df2617ef7c2ede.jpeg,https://open.spotify.com/
254525,7rCbkS4BXcY7gW90YvmScx,XXI Feels Right!,39,104635,0,['Jejey'],['1Qfp0MJVdyr1F8RTosTDS3'],2020-10-31,0.784,0.946,0,-13.022,1,0.0406,0.00388,0.709,0.0787,0.982,140.014,4,https://www.logolynx.com/images/logolynx/fd/fd323edba31a2b2612df2617ef7c2ede.jpeg,https://open.spotify.com/
